{
	"metadata": {
		"version": 4.3,
		"type": "Object",
		"generator": "ObjectExporter",
		"numOfItems": 3,
		"numOfBlueBoxs": 1
	},
	"geometries": [
		{
			"type": "BoxGeometry",
			"data": {
				"attributes": {
					"position": {
						"itemSize": 3,
						"type": "Float32Array",
						"array": [0,10,0]
					},
					"shape": {
						"itemSize": 3,
						"type": "Float32Array",
						"array": [10,10,10]
					}
					}
				}
		},
		{
			"type": "BoxGeometry",
			"data": {
				"attributes": {
					"position": {
						"itemSize": 3,
						"type": "Float32Array",
						"array": [15,10,0]
					},
					"shape": {
						"itemSize": 3,
						"type": "Float32Array",
						"array": [10,10,10]
					}
					}
				}
		},
		{
			"type": "BoxGeometry",
			"data": {
				"attributes": {
					"position": {
						"itemSize": 3,
						"type": "Float32Array",
						"array": [7.5,25,0]
					},
					"shape": {
						"itemSize": 3,
						"type": "Float32Array",
						"array": [10,10,10]
					}
					}
				}
		}
	],
	"materials": [
		{
			"color": "red"
		},
		{
			"color": "blue"
		},
		{
			"color": "yellow"
		}
	]
}